DROP DATABASE UNIVERSITYDB;
CREATE DATABASE UNIVERSITYDB;
USE  UNIVERSITYDB;
CREATE TABLE university (
    id INT PRIMARY KEY,
    name VARCHAR(255),
    year_established INT
);

INSERT INTO university (id, name, year_established) VALUES
(101, 'Yale University', 1701),
(102, 'University of Toronto', 1827),
(103, 'The University of Queensland', 1909),
(104, 'University of California, Berkeley (UCB)', 1868),
(105, 'Johns Hopkins University', 1876),
(106, 'The University of Hong Kong', 1911),
(107, 'Princeton University', 1746),
(108, 'King''s College London', 1829),
(109, 'Institut Polytechnique de Paris', 2019),
(110, 'California Institute of Technology (Caltech)', 1891),
(111, 'McGill University', 1821),
(112, 'The University of Manchester', 1824),
(113, 'University of Chicago', 1890),
(114, 'University of Cambridge', 1209),
(115, 'Stanford University', 1885),
(116, 'The University of Tokyo', 1877),
(117, 'Monash University', 1958),
(118, 'Northwestern University', 1851),
(119, 'Zhejiang University', 1897),
(120, 'Columbia University', 1754),
(121, 'ETH Zurich', 1855),
(122, 'The London School of Economics and Political Science (LSE)', 1895),
(123, 'Peking University', 1898),
(124, 'Nanyang Technological University, Singapore (NTU)', 1981),
(125, 'University of Michigan-Ann Arbor', 1817),
(126, 'The University of Sydney', 1850),
(127, 'The University of New South Wales (UNSW Sydney)', 1949),
(128, 'Kyoto University', 1897),
(129, 'Cornell University', 1865),
(130, 'University of Pennsylvania', 1740),
(131, 'Fudan University', 1905),
(132, 'Delft University of Technology', 1842),
(133, 'Harvard University', 1636),
(134, 'UCL', 1826),
(135, 'Tsinghua University', 1911),
(136, 'Imperial College London', 1907),
(137, 'Université PSL', 2010),
(138, 'The University of Edinburgh', 1582),
(139, 'Shanghai Jiao Tong University', 1896),
(140, 'University of British Columbia', 1908),
(141, 'University of Oxford', 1096),
(142, 'The University of Melbourne', 1853),
(143, 'Massachusetts Institute of Technology (MIT)', 1861),
(144, 'New York University (NYU)', 1831),
(145, 'National University of Singapore (NUS)', 1905),
(146, 'EPFL', 1853),
(147, 'Seoul National University', 1946),
(148, 'The Australian National University', 1946),
(149, 'Technical University of Munich', 1868),
(150, 'University of California, Los Angeles (UCLA)', 1919),
(151, 'The University of Texas at Austin', 1883),
(152, 'KU Leuven', 1425),
(153, 'University of California, San Diego (UCSD)', 1960),
(154, 'University of Washington', 1861),
(155, 'University of Illinois Urbana-Champaign', 1867),
(156, 'Sorbonne University', 2018),
(157, 'University of Amsterdam', 1632),
(158, 'University of Bristol', 1876),
(159, 'KAIST - Korea Advanced Institute of Science & Technology', 1971),
(160, 'Duke University', 1838),
(161, 'The University of Sheffield', 1897),
(162, 'University of Glasgow', 1451),
(163, 'University of Leeds', 1904),
(164, 'University of Southampton', 1862),
(165, 'Trinity College Dublin, The University of Dublin', 1592),
(166, 'Osaka University', 1931),
(167, 'Lund University', 1666),
(168, 'University of Copenhagen', 1479),
(169, 'University of Helsinki', 1640),
(170, 'The University of Auckland', 1883),
(171, 'University of Birmingham', 1900),
(172, 'University of Zurich', 1833),
(173, 'Brown University', 1764),
(174, 'Heidelberg University', 1386),
(175, 'University of St Andrews', 1413),
(176, 'University of Alberta', 1908),
(177, 'Free University of Berlin', 1948),
(178, 'University of Bern', 1834),
(179, 'University of Geneva', 1559),
(180, 'University of Nottingham', 1881),
(181, 'Purdue University', 1869),
(182, 'Tohoku University', 1907),
(183, 'University of Oslo', 1811),
(184, 'Ludwig-Maximilians-Universität München', 1472),
(185, 'University of Wisconsin-Madison', 1848),
(186, 'Yonsei University', 1885),
(187, 'University of Science and Technology of China', 1958),
(188, 'KTH Royal Institute of Technology', 1827),
(189, 'University of North Carolina, Chapel Hill', 1789),
(190, 'The University of Warwick', 1965),
(191, 'University of Rochester', 1850),
(192, 'Nagoya University', 1871),
(193, 'Durham University', 1832),
(194, 'Carnegie Mellon University', 1900),
(195, 'University of Groningen', 1614),
(196, 'Washington University in St. Louis', 1853),
(197, 'Uppsala University', 1477),
(198, 'University of Göttingen', 1734),
(199, 'Humboldt University of Berlin', 1810),
(200, 'University of Adelaide', 1874);


CREATE TABLE qs_ranking (
    uni_id INT,
    ranking INT,
    FOREIGN KEY (uni_id) REFERENCES university(id)
);

INSERT INTO qs_ranking (uni_id, ranking) VALUES
(143, 1), (114, 2), (141, 3), (133, 4), (115, 5), (136, 6), (121, 7), (145, 8), (134, 9), (104, 10),
(113, 11), (130, 12), (129, 13), (142, 14), (110, 15), (101, 16), (123, 17), (107, 18), (127, 19), (126, 20),
(102, 21), (138, 22), (120, 23), (137, 24), (135, 25), (124, 26), (106, 27), (105, 28), (116, 29), (150, 30),
(111, 31), (112, 32), (125, 33), (148, 34), (140, 35), (146, 36), (149, 37), (109, 38), (144, 39), (108, 40),
(147, 41), (117, 42), (103, 43), (119, 44), (122, 45), (128, 46), (132, 47), (118, 48), (131, 49), (139, 50),
(151, 51), (152, 52), (153, 53), (154, 54), (155, 55), (156, 56), (157, 57), (158, 58), (159, 59), (160, 60),
(161, 61), (162, 62), (163, 63), (164, 64), (165, 65), (166, 66), (167, 67), (168, 68), (169, 69), (170, 70),
(171, 71), (172, 72), (173, 73), (174, 74), (175, 75), (176, 76), (177, 77), (178, 78), (179, 79), (180, 80),
(181, 81), (182, 82), (183, 83), (184, 84), (185, 85), (186, 86), (187, 87), (188, 88), (189, 89), (190, 90),
(191, 91), (192, 92), (193, 93), (194, 94), (195, 95), (196, 96), (197, 97), (198, 98), (199, 99), (200, 100);

CREATE TABLE location (
    uni_id INT,
    city VARCHAR(255),
    state VARCHAR(255),
    country VARCHAR(255),
    postal_code VARCHAR(255),
    FOREIGN KEY (uni_id) REFERENCES university(id)
);

INSERT INTO location (uni_id, city, state, country, postal_code) VALUES
(101, 'New Haven', 'Connecticut', 'USA', '06520'),
(102, 'Toronto', 'Ontario', 'Canada', 'M5S 1A1'),
(103, 'Brisbane', 'Queensland', 'Australia', '4072'),
(104, 'Berkeley', 'California', 'USA', '94720'),
(105, 'Baltimore', 'Maryland', 'USA', '21218'),
(106, 'Pok Fu Lam', 'Hong Kong', 'Hong Kong', 'NA'),
(107, 'Princeton', 'New Jersey', 'USA', '08544'),
(108, 'London', 'England', 'United Kingdom', 'WC2R 2LS'),
(109, 'Palaiseau', 'Île-de-France', 'France', '91120'),
(110, 'Pasadena', 'California', 'USA', '91125'),
(111, 'Montreal', 'Quebec', 'Canada', 'H3A 2T5'),
(112, 'Manchester', 'England', 'United Kingdom', 'M13 9PL'),
(113, 'Chicago', 'Illinois', 'USA', '60637'),
(114, 'Cambridge', 'England', 'United Kingdom', 'CB2 1TN'),
(115, 'Stanford', 'California', 'USA', '94305'),
(116, 'Bunkyo City', 'Tokyo', 'Japan', '113-8654'),
(117, 'Melbourne', 'Victoria', 'Australia', '3800'),
(118, 'Evanston', 'Illinois', 'USA', '60208'),
(119, 'Hangzhou', 'Zhejiang', 'China', '310058'),
(120, 'New York', 'New York', 'USA', '10027'),
(121, 'Zürich', 'Zürich', 'Switzerland', '8092'),
(122, 'London', 'England', 'United Kingdom', 'WC2A 2AE'),
(123, 'Beijing', 'Beijing', 'China', '100871'),
(124, 'Singapore', 'Singapore', 'Singapore', '639798'),
(125, 'Ann Arbor', 'Michigan', 'USA', '48109'),
(126, 'Sydney', 'New South Wales', 'Australia', '2006'),
(127, 'Sydney', 'New South Wales', 'Australia', '2052'),
(128, 'Kyoto', 'Kyoto', 'Japan', '606-8501'),
(129, 'Ithaca', 'New York', 'USA', '14853'),
(130, 'Philadelphia', 'Pennsylvania', 'USA', '19104'),
(131, 'Shanghai', 'Shanghai', 'China', '200433'),
(132, 'Delft', 'South Holland', 'Netherlands', '2628 CN'),
(133, 'Cambridge', 'Massachusetts', 'USA', '02138'),
(134, 'London', 'England', 'United Kingdom', 'WC1E 6BT'),
(135, 'Beijing', 'Beijing', 'China', '100084'),
(136, 'London', 'England', 'United Kingdom', 'SW7 2AZ'),
(137, 'Paris', 'Île-de-France', 'France', '75006'),
(138, 'Edinburgh', 'Scotland', 'United Kingdom', 'EH8 9YL'),
(139, 'Shanghai', 'Shanghai', 'China', '200240'),
(140, 'Vancouver', 'British Columbia', 'Canada', 'V6T 1Z4'),
(141, 'Oxford', 'England', 'United Kingdom', 'OX1 2JD'),
(142, 'Melbourne', 'Victoria', 'Australia', '3010'),
(143, 'Cambridge', 'Massachusetts', 'USA', '02139'),
(144, 'New York', 'New York', 'USA', '10012'),
(145, 'Singapore', 'Singapore', 'Singapore', '119077'),
(146, 'Lausanne', 'Vaud', 'Switzerland', '1015'),
(147, 'Seoul', 'Seoul', 'South Korea', '08826'),
(148, 'Canberra', 'Australian Capital Territory', 'Australia', '2601'),
(149, 'Munich', 'Bavaria', 'Germany', '80333'),
(150, 'Los Angeles', 'California', 'USA', '90095'),
(151, 'Austin', 'Texas', 'USA', '78712'),
(152, 'Leuven', 'Flemish Brabant', 'Belgium', '3000'),
(153, 'La Jolla', 'California', 'USA', '92093'),
(154, 'Seattle', 'Washington', 'USA', '98195'),
(155, 'Champaign', 'Illinois', 'USA', '61820'),
(156, 'Paris', 'Île-de-France', 'France', '75005'),
(157, 'Amsterdam', 'North Holland', 'Netherlands', '1012 WX'),
(158, 'Bristol', 'England', 'United Kingdom', 'BS8 1TH'),
(159, 'Daejeon', 'NA', 'South Korea', '34141'),
(160, 'Durham', 'North Carolina', 'USA', '27708'),
(161, 'Sheffield', 'England', 'United Kingdom', 'S10 2TN'),
(162, 'Glasgow', 'Scotland', 'United Kingdom', 'G12 8QQ'),
(163, 'Leeds', 'England', 'United Kingdom', 'LS2 9JT'),
(164, 'Southampton', 'England', 'United Kingdom', 'SO17 1BJ'),
(165, 'Dublin', 'Leinster', 'Ireland', 'D02'),
(166, 'Suita', 'Osaka', 'Japan', '565-0871'),
(167, 'Lund', 'Skåne', 'Sweden', '221 00'),
(168, 'Copenhagen', 'Copenhagen', 'Denmark', '1165'),
(169, 'Helsinki', 'Uusimaa', 'Finland', '00014'),
(170, 'Auckland', 'Auckland', 'New Zealand', '1010'),
(171, 'Birmingham', 'England', 'United Kingdom', 'B15 2TT'),
(172, 'Zürich', 'Zürich', 'Switzerland', '8006'),
(173, 'Providence', 'Rhode Island', 'USA', '02912'),
(174, 'Heidelberg', 'Baden-Württemberg', 'Germany', '69117'),
(175, 'St Andrews', 'Scotland', 'United Kingdom', 'KY16 9AJ'),
(176, 'Edmonton', 'Alberta', 'Canada', 'T6G 2R3'),
(177, 'Berlin', 'Berlin', 'Germany', '14195'),
(178, 'Bern', 'Bern', 'Switzerland', '3012'),
(179, 'Geneva', 'Geneva', 'Switzerland', '1211'),
(180, 'Nottingham', 'England', 'United Kingdom', 'NG7 2RD'),
(181, 'West Lafayette', 'Indiana', 'USA', '47907'),
(182, 'Sendai', 'Miyagi', 'Japan', '980-8577'),
(183, 'Oslo', 'Oslo', 'Norway', '0316'),
(184, 'Munich', 'Bavaria', 'Germany', '80539'),
(185, 'Madison', 'Wisconsin', 'USA', '53706'),
(186, 'Seoul', 'Seoul', 'South Korea', '03722'),
(187, 'Hefei', 'Anhui', 'China', '230026'),
(188, 'Stockholm', 'Stockholm', 'Sweden', '100 44'),
(189, 'Chapel Hill', 'North Carolina', 'USA', '27599'),
(190, 'Coventry', 'England', 'United Kingdom', 'CV4 7AL'),
(191, 'Rochester', 'New York', 'USA', '14627'),
(192, 'Nagoya', 'Aichi', 'Japan', '464-8601'),
(193, 'Durham', 'England', 'United Kingdom', 'DH1 3LE'),
(194, 'Pittsburgh', 'Pennsylvania', 'USA', '15213'),
(195, 'Groningen', 'Groningen', 'Netherlands', '9712 CP'),
(196, 'St. Louis', 'Missouri', 'USA', '63130'),
(197, 'Uppsala', 'Uppsala', 'Sweden', '751 05'),
(198, 'Göttingen', 'Lower Saxony', 'Germany', '37073'),
(199, 'Berlin', 'Berlin', 'Germany', '10117'),
(200, 'Adelaide', 'South Australia', 'Australia', '5005');

CREATE TABLE fees (
    uni_id INT,
    lowest_fee INT,
    highest_fee INT,
    average_fee INT,
    FOREIGN KEY (uni_id) REFERENCES university(id)
);

INSERT INTO fees (uni_id, lowest_fee, highest_fee, average_fee) VALUES
(101, 58000, 68000, 62000), (102, 35000, 55000, 45000), (103, 30000, 45000, 38000), (104, 40000, 50000, 44000),
(105, 59000, 69000, 63000), (106, 20000, 30000, 23000), (107, 54000, 64000, 58000), (108, 25000, 45000, 35000),
(109, 15000, 25000, 20000), (110, 58000, 68000, 61000), (111, 25000, 45000, 37000), (112, 24000, 42000, 33000),
(113, 60000, 70000, 65000), (114, 30000, 60000, 45000), (115, 59000, 69000, 64000), (116, 10000, 15000, 12000),
(117, 32000, 48000, 39000), (118, 60000, 70000, 64000), (119, 8000, 12000, 10000), (120, 63000, 73000, 67000),
(121, 2000, 4000, 3000), (122, 23000, 33000, 28000), (123, 7000, 11000, 9000), (124, 25000, 40000, 32000),
(125, 50000, 60000, 55000), (126, 34000, 50000, 42000), (127, 33000, 49000, 41000), (128, 9000, 14000, 11000),
(129, 59000, 69000, 63000), (130, 58000, 68000, 62000), (131, 8000, 13000, 11000), (132, 15000, 25000, 19000),
(133, 55000, 65000, 60000), (134, 28000, 48000, 38000), (135, 7500, 11500, 9500), (136, 35000, 55000, 45000),
(137, 10000, 20000, 15000), (138, 27000, 47000, 37000), (139, 8500, 13500, 11500), (140, 38000, 58000, 48000),
(141, 32000, 62000, 47000), (142, 31000, 47000, 39000), (143, 57000, 67000, 61000), (144, 56000, 66000, 60000),
(145, 28000, 42000, 35000), (146, 2500, 4500, 3500), (147, 5000, 10000, 8000), (148, 32000, 48000, 40000),
(149, 2000, 5000, 3000), (150, 42000, 52000, 46000), (151, 41000, 51000, 45000), (152, 12000, 22000, 17000),
(153, 43000, 53000, 47000), (154, 40000, 50000, 44000), (155, 34000, 44000, 38000), (156, 13000, 23000, 18000),
(157, 14000, 24000, 19000), (158, 26000, 36000, 31000), (159, 6000, 11000, 8500), (160, 61000, 71000, 66000),
(161, 25000, 35000, 30000), (162, 24000, 34000, 29000), (163, 27000, 37000, 32000), (164, 25000, 35000, 30000),
(165, 20000, 30000, 25000), (166, 9500, 14500, 11500), (167, 11000, 21000, 16000), (168, 10000, 20000, 15000),
(169, 13000, 23000, 18000), (170, 28000, 42000, 35000), (171, 23000, 33000, 28000), (172, 2200, 4200, 3200),
(173, 60000, 70000, 65000), (174, 2500, 5500, 4000), (175, 29000, 39000, 34000), (176, 22000, 32000, 27000),
(177, 1000, 4000, 2000), (178, 2300, 4300, 3300), (179, 1000, 3000, 2000), (180, 24000, 34000, 29000),
(181, 32000, 42000, 37000), (182, 10000, 15000, 12000), (183, 0, 100, 50), (184, 1500, 4500, 3000),
(185, 38000, 48000, 43000), (186, 7000, 12000, 9500), (187, 8000, 12000, 10000), (188, 15000, 25000, 20000),
(189, 36000, 46000, 41000), (190, 28000, 38000, 33000), (191, 58000, 68000, 63000), (192, 11000, 16000, 13500),
(193, 27000, 37000, 32000), (194, 62000, 72000, 67000), (195, 12000, 22000, 17000), (196, 59000, 69000, 64000),
(197, 12000, 22000, 17000), (198, 1000, 4000, 2500), (199, 1000, 4000, 2500), (200, 29000, 43000, 36000);

CREATE TABLE placement (
    uni_id INT,
    no_of_students_placed INT,
    percent_out_of_total DECIMAL(5, 2),
    average_package_usd INT,
    FOREIGN KEY (uni_id) REFERENCES university(id)
);

INSERT INTO placement (uni_id, no_of_students_placed, percent_out_of_total, average_package_usd) VALUES
(101, 2800, 95.5, 92000), (102, 15000, 88.0, 65000), (103, 11000, 85.0, 60000), (104, 8500, 92.3, 88000),
(105, 3200, 94.0, 90000), (106, 4500, 91.0, 75000), (107, 1200, 97.2, 105000), (108, 8000, 89.5, 78000),
(109, 1800, 93.0, 82000), (110, 500, 98.0, 115000), (111, 7000, 87.0, 68000), (112, 10000, 86.5, 70000),
(113, 3500, 96.0, 95000), (114, 4000, 95.8, 102000), (115, 2000, 97.5, 110000), (116, 9000, 90.0, 72000),
(117, 12000, 84.0, 62000), (118, 4200, 93.5, 85000), (119, 13000, 92.0, 76000), (120, 5000, 95.0, 98000),
(121, 2500, 97.0, 108000), (122, 1500, 94.5, 89000), (123, 9500, 93.8, 80000), (124, 7500, 92.5, 81000),
(125, 9800, 90.5, 83000), (126, 14000, 86.0, 67000), (127, 13500, 85.5, 66000), (128, 8800, 89.0, 74000),
(129, 5500, 94.8, 93000), (130, 4800, 96.2, 97000), (131, 9200, 91.5, 77000), (132, 4300, 92.8, 84000),
(133, 2200, 98.2, 112000), (134, 11500, 90.0, 79000), (135, 10000, 94.2, 83000), (136, 4000, 96.5, 100000),
(137, 2300, 93.3, 85000), (138, 9500, 88.8, 73000), (139, 9400, 91.8, 78000), (140, 12500, 87.5, 69000),
(141, 4100, 96.8, 104000), (142, 13000, 86.8, 68000), (143, 1100, 98.5, 120000), (144, 10500, 91.2, 87000),
(145, 8200, 93.6, 86000), (146, 2000, 96.7, 106000), (147, 8500, 89.8, 75000), (148, 6000, 88.2, 71000),
(149, 7000, 94.0, 91000), (150, 9000, 92.0, 89000), (151, 10200, 91.0, 84000), (152, 6500, 90.0, 76000),
(153, 7800, 92.0, 86000), (154, 9500, 90.5, 85000), (155, 9200, 89.0, 82000), (156, 7100, 91.5, 80000),
(157, 6800, 89.5, 77000), (158, 6200, 88.0, 75000), (159, 1500, 95.0, 90000), (160, 3100, 96.0, 94000),
(161, 7000, 87.0, 72000), (162, 7200, 86.5, 71000), (163, 7500, 87.5, 73000), (164, 6900, 86.0, 70000),
(165, 5500, 88.5, 74000), (166, 8100, 88.0, 71000), (167, 5800, 89.0, 76000), (168, 6000, 90.0, 78000),
(169, 5700, 89.5, 77000), (170, 9000, 85.0, 63000), (171, 7300, 86.0, 70000), (172, 3000, 94.0, 92000),
(173, 1400, 95.5, 91000), (174, 4500, 93.0, 85000), (175, 2000, 89.0, 76000), (176, 8500, 85.5, 66000),
(177, 4800, 92.0, 83000), (178, 2800, 93.5, 88000), (179, 2900, 94.0, 89000), (180, 7100, 85.0, 69000),
(181, 8900, 90.0, 83000), (182, 8000, 88.5, 72000), (183, 4000, 89.0, 79000), (184, 5000, 92.5, 84000),
(185, 9300, 89.5, 81000), (186, 7600, 87.0, 73000), (187, 2500, 94.5, 88000), (188, 5200, 91.0, 81000),
(189, 4700, 92.8, 87000), (190, 6500, 87.2, 74000), (191, 1600, 95.2, 90000), (192, 7900, 87.8, 71000),
(193, 4100, 88.8, 75000), (194, 2100, 97.0, 108000), (195, 5300, 88.3, 74000), (196, 3300, 95.8, 93000),
(197, 5600, 89.2, 77000), (198, 4300, 91.5, 82000), (199, 4700, 91.8, 83000), (200, 8400, 84.0, 61000);


CREATE TABLE courses (
    uni_id INT,
    engineering VARCHAR(3),
    law VARCHAR(3),
    economics VARCHAR(3),
    management VARCHAR(3),
    medicine VARCHAR(3),
    humanities VARCHAR(3),
    FOREIGN KEY (uni_id) REFERENCES university(id)
);


INSERT INTO courses (uni_id, engineering, law, economics, management, medicine, humanities) VALUES
(101, 'Yes', 'Yes', 'Yes', 'Yes', 'Yes', 'Yes'),
(102, 'Yes', 'Yes', 'Yes', 'Yes', 'Yes', 'Yes'),
(103, 'Yes', 'Yes', 'Yes', 'Yes', 'Yes', 'Yes'),
(104, 'Yes', 'Yes', 'Yes', 'Yes', 'No', 'Yes'),
(105, 'Yes', 'No', 'Yes', 'Yes', 'Yes', 'Yes'),
(106, 'Yes', 'Yes', 'Yes', 'Yes', 'Yes', 'Yes'),
(107, 'Yes', 'Yes', 'Yes', 'Yes', 'No', 'Yes'),
(108, 'Yes', 'Yes', 'Yes', 'Yes', 'Yes', 'Yes'),
(109, 'Yes', 'No', 'Yes', 'No', 'No', 'No'),
(110, 'Yes', 'No', 'Yes', 'No', 'No', 'Yes'),
(111, 'Yes', 'Yes', 'Yes', 'Yes', 'Yes', 'Yes'),
(112, 'Yes', 'Yes', 'Yes', 'Yes', 'Yes', 'Yes'),
(113, 'No', 'Yes', 'Yes', 'Yes', 'Yes', 'Yes'),
(114, 'Yes', 'Yes', 'Yes', 'Yes', 'Yes', 'Yes'),
(115, 'Yes', 'Yes', 'Yes', 'Yes', 'Yes', 'Yes'),
(116, 'Yes', 'Yes', 'Yes', 'Yes', 'Yes', 'Yes'),
(117, 'Yes', 'Yes', 'Yes', 'Yes', 'Yes', 'Yes'),
(118, 'Yes', 'Yes', 'Yes', 'Yes', 'Yes', 'Yes'),
(119, 'Yes', 'Yes', 'Yes', 'Yes', 'Yes', 'Yes'),
(120, 'Yes', 'Yes', 'Yes', 'Yes', 'Yes', 'Yes'),
(121, 'Yes', 'No', 'Yes', 'Yes', 'No', 'Yes'),
(122, 'No', 'Yes', 'Yes', 'Yes', 'No', 'Yes'),
(123, 'Yes', 'Yes', 'Yes', 'Yes', 'Yes', 'Yes'),
(124, 'Yes', 'No', 'Yes', 'Yes', 'Yes', 'Yes'),
(125, 'Yes', 'Yes', 'Yes', 'Yes', 'Yes', 'Yes'),
(126, 'Yes', 'Yes', 'Yes', 'Yes', 'Yes', 'Yes'),
(127, 'Yes', 'Yes', 'Yes', 'Yes', 'Yes', 'Yes'),
(128, 'Yes', 'Yes', 'Yes', 'Yes', 'Yes', 'Yes'),
(129, 'Yes', 'Yes', 'Yes', 'Yes', 'Yes', 'Yes'),
(130, 'Yes', 'Yes', 'Yes', 'Yes', 'Yes', 'Yes'),
(131, 'Yes', 'Yes', 'Yes', 'Yes', 'Yes', 'Yes'),
(132, 'Yes', 'No', 'No', 'Yes', 'No', 'No'),
(133, 'Yes', 'Yes', 'Yes', 'Yes', 'Yes', 'Yes'),
(134, 'Yes', 'Yes', 'Yes', 'Yes', 'Yes', 'Yes'),
(135, 'Yes', 'Yes', 'Yes', 'Yes', 'Yes', 'Yes'),
(136, 'Yes', 'No', 'No', 'Yes', 'Yes', 'No'),
(137, 'Yes', 'Yes', 'Yes', 'Yes', 'No', 'Yes'),
(138, 'Yes', 'Yes', 'Yes', 'Yes', 'Yes', 'Yes'),
(139, 'Yes', 'Yes', 'Yes', 'Yes', 'Yes', 'Yes'),
(140, 'Yes', 'Yes', 'Yes', 'Yes', 'Yes', 'Yes'),
(141, 'Yes', 'Yes', 'Yes', 'Yes', 'Yes', 'Yes'),
(142, 'Yes', 'Yes', 'Yes', 'Yes', 'Yes', 'Yes'),
(143, 'Yes', 'No', 'Yes', 'Yes', 'No', 'Yes'),
(144, 'Yes', 'Yes', 'Yes', 'Yes', 'Yes', 'Yes'),
(145, 'Yes', 'Yes', 'Yes', 'Yes', 'Yes', 'Yes'),
(146, 'Yes', 'No', 'No', 'Yes', 'No', 'No'),
(147, 'Yes', 'Yes', 'Yes', 'Yes', 'Yes', 'Yes'),
(148, 'Yes', 'Yes', 'Yes', 'Yes', 'Yes', 'Yes'),
(149, 'Yes', 'No', 'Yes', 'Yes', 'Yes', 'No'),
(150, 'Yes', 'Yes', 'Yes', 'Yes', 'Yes', 'Yes'),
(151, 'Yes', 'Yes', 'Yes', 'Yes', 'Yes', 'Yes'),
(152, 'Yes', 'Yes', 'Yes', 'Yes', 'Yes', 'Yes'),
(153, 'Yes', 'No', 'Yes', 'Yes', 'Yes', 'Yes'),
(154, 'Yes', 'Yes', 'Yes', 'Yes', 'Yes', 'Yes'),
(155, 'Yes', 'Yes', 'Yes', 'Yes', 'No', 'Yes'),
(156, 'Yes', 'Yes', 'Yes', 'No', 'Yes', 'Yes'),
(157, 'Yes', 'Yes', 'Yes', 'Yes', 'Yes', 'Yes'),
(158, 'Yes', 'Yes', 'Yes', 'Yes', 'Yes', 'Yes'),
(159, 'Yes', 'No', 'No', 'Yes', 'No', 'No'),
(160, 'Yes', 'Yes', 'Yes', 'Yes', 'Yes', 'Yes'),
(161, 'Yes', 'Yes', 'Yes', 'Yes', 'Yes', 'Yes'),
(162, 'Yes', 'Yes', 'Yes', 'Yes', 'Yes', 'Yes'),
(163, 'Yes', 'Yes', 'Yes', 'Yes', 'Yes', 'Yes'),
(164, 'Yes', 'Yes', 'Yes', 'Yes', 'Yes', 'Yes'),
(165, 'Yes', 'Yes', 'Yes', 'Yes', 'Yes', 'Yes'),
(166, 'Yes', 'Yes', 'Yes', 'No', 'Yes', 'Yes'),
(167, 'Yes', 'Yes', 'Yes', 'Yes', 'Yes', 'Yes'),
(168, 'Yes', 'Yes', 'Yes', 'Yes', 'Yes', 'Yes'),
(169, 'Yes', 'Yes', 'Yes', 'No', 'Yes', 'Yes'),
(170, 'Yes', 'Yes', 'Yes', 'Yes', 'Yes', 'Yes'),
(171, 'Yes', 'Yes', 'Yes', 'Yes', 'Yes', 'Yes'),
(172, 'Yes', 'Yes', 'Yes', 'Yes', 'Yes', 'Yes'),
(173, 'Yes', 'No', 'Yes', 'No', 'Yes', 'Yes'),
(174, 'No', 'Yes', 'Yes', 'No', 'Yes', 'Yes'),
(175, 'No', 'No', 'Yes', 'Yes', 'Yes', 'Yes'),
(176, 'Yes', 'Yes', 'Yes', 'Yes', 'Yes', 'Yes'),
(177, 'No', 'Yes', 'Yes', 'No', 'Yes', 'Yes'),
(178, 'No', 'Yes', 'Yes', 'Yes', 'Yes', 'Yes'),
(179, 'No', 'Yes', 'Yes', 'Yes', 'Yes', 'Yes'),
(180, 'Yes', 'Yes', 'Yes', 'Yes', 'Yes', 'Yes'),
(181, 'Yes', 'No', 'Yes', 'Yes', 'No', 'Yes'),
(182, 'Yes', 'Yes', 'Yes', 'No', 'Yes', 'Yes'),
(183, 'No', 'Yes', 'Yes', 'No', 'Yes', 'Yes'),
(184, 'No', 'Yes', 'Yes', 'No', 'Yes', 'Yes'),
(185, 'Yes', 'Yes', 'Yes', 'Yes', 'Yes', 'Yes'),
(186, 'Yes', 'Yes', 'Yes', 'Yes', 'Yes', 'Yes'),
(187, 'Yes', 'No', 'Yes', 'Yes', 'No', 'Yes'),
(188, 'Yes', 'No', 'Yes', 'No', 'No', 'No'),
(189, 'No', 'Yes', 'Yes', 'Yes', 'Yes', 'Yes'),
(190, 'Yes', 'Yes', 'Yes', 'Yes', 'No', 'Yes'),
(191, 'Yes', 'No', 'Yes', 'Yes', 'Yes', 'Yes'),
(192, 'Yes', 'Yes', 'Yes', 'No', 'Yes', 'Yes'),
(193, 'No', 'Yes', 'Yes', 'Yes', 'No', 'Yes'),
(194, 'Yes', 'No', 'Yes', 'Yes', 'No', 'Yes'),
(195, 'Yes', 'Yes', 'Yes', 'Yes', 'Yes', 'Yes'),
(196, 'Yes', 'Yes', 'Yes', 'Yes', 'Yes', 'Yes'),
(197, 'Yes', 'Yes', 'Yes', 'Yes', 'Yes', 'Yes'),
(198, 'No', 'Yes', 'Yes', 'No', 'Yes', 'Yes'),
(199, 'No', 'Yes', 'Yes', 'No', 'Yes', 'Yes'),
(200, 'Yes', 'Yes', 'Yes', 'Yes', 'Yes', 'Yes');
